id,target
c0f722661,-1.4762646
f0953f0a5,-0.56992704
0df072751,-0.379232
04caf4e0c,-1.1729083
0e63f8bea,-1.4861109
12537fe78,-0.6035533
965e592c0,0.045772254
