id,target
c0f722661,-1.4876739
f0953f0a5,-0.5737553
0df072751,-0.3667281
04caf4e0c,-1.1773913
0e63f8bea,-1.4727156
12537fe78,-0.6152481
965e592c0,0.052549303
