id,target
c0f722661,-1.8868587
f0953f0a5,-0.4824174
0df072751,-0.59261745
04caf4e0c,-1.580445
0e63f8bea,-1.4179175
12537fe78,-0.86093634
965e592c0,-0.20990855
